MachineReadability;NonProprietary;DownloadOptions;MetadataAvailability;TermsOfUse;OpennessSubscore
0,5;0,5;0,5;0,5;0;2
0,5;1;0,5;0,5;0;2,5
0;0;0;0;0;0
1;1;1;1;0;4
0;1;0;0,5;0;1,5
0;0;0;0;0;0
0;1;0,5;0;0;1,5
0,5;1;0,5;0,5;0;2,5
0,5;1;0,5;0,5;0;2,5
1;1;0,5;0,5;0;3
0,5;1;0,5;0,5;1;3,5
1;1;0,5;0,5;0,5;3,5
1;1;0,5;0,5;0;3
1;1;0,5;0,5;0;3
0,5;1;0;0,5;0;2
0;1;0,5;0,5;1;3
1;1;0,5;0,5;0;3
0,5;1;0,5;0,5;0;2,5
0;1;0,5;0,5;1;3
0,5;1;0,5;0,5;0;2,5
1;0,5;0,5;0,5;0;2,5
0,5;0,5;0,5;0,5;0,5;2,5
0;1;0,5;0,5;1;3
1;1;0,5;0,5;0;3
1;1;0,5;1;0;3,5
0,5;1;0,5;0,5;0,5;3
0,5;1;0,5;0,5;0,5;3
1;1;0,5;0,5;0,5;3,5
0,5;1;0,5;0,5;0;2,5
0,5;1;0,5;0,5;0;2,5
0,5;1;0,5;0,5;0,5;3
0,5;1;0,5;0,5;0,5;3
1;1;1;0,5;1;4,5
0,5;1;0,5;0,5;0;2,5
0,5;1;0,5;0,5;0,5;3
0;0;0;0;0;0
0,5;1;0,5;0,5;0,5;3
0;0;0;0;0;0
0;1;0,5;0,5;0;2
0;1;0,5;1;0;2,5
0,5;1;0,5;0,5;0;2,5
1;1;0,5;1;1;4,5
1;1;1;0,5;1;4,5
0,5;1;0,5;0,5;0;2,5
0,5;1;0,5;0,5;0;2,5
0,5;0,5;0,5;0,5;0,5;2,5
1;1;0,5;0,5;0,5;3,5
1;1;1;1;1;5
1;1;0,5;0,5;0;3
0;1;0,5;0;1;2,5
0,5;1;0,5;0,5;0;2,5
1;1;0,5;0,5;1;4
0;1;0;0,5;0;1,5
0;1;0,5;0,5;0;2
0;1;0,5;0,5;0;2
1;1;1;0,5;1;4,5
0;1;0,5;0,5;0;2
0,5;1;0,5;0,5;0;2,5
0;1;0,5;0,5;0;2
1;1;1;1;1;5
0,5;1;0,5;0,5;1;3,5
0;1;0;0,5;0;1,5
0,5;1;0,5;0,5;1;3,5
1;1;0,5;0,5;1;4
0,5;1;0,5;0,5;0;2,5
0,5;1;0,5;0,5;1;3,5
1;1;1;0,5;1;4,5
0;1;0,5;0,5;0;2
1;1;0,5;0,5;0;3
0;1;0,5;0,5;0;2
0;1;0,5;0,5;0;2
0;1;0;0,5;1;2,5
0;1;0,5;0,5;0;2
1;0,5;0,5;0,5;0;2,5
1;1;0,5;1;1;4,5
1;1;1;1;1;5
1;1;1;0,5;1;4,5
0;1;0,5;0,5;0;2
0,5;1;0,5;0,5;0,5;3
0,5;1;0,5;0,5;0,5;3
1;1;0,5;1;1;4,5
1;1;0,5;1;1;4,5
1;1;1;0,5;0,5;4
0,5;1;0,5;0,5;1;3,5
0,5;1;0,5;0,5;1;3,5
1;1;0,5;0,5;1;4
0,5;1;0,5;0,5;1;3,5
0,5;1;0,5;0,5;0;2,5
0;1;0,5;0,5;0;2
1;1;0,5;0,5;1;4
1;1;1;0,5;0,5;4
0,5;1;0,5;0,5;0,5;3
0,5;0,5;0,5;0,5;0,5;2,5
0,5;1;0,5;0,5;0;2,5
1;1;1;0,5;1;4,5
0;1;0,5;0,5;0;2
0,5;1;0,5;0,5;0;2,5
0;1;0,5;1;0;2,5
0;1;0,5;0,5;0;2
1;1;0,5;1;1;4,5
1;1;0,5;1;0,5;4
0,5;1;0,5;0,5;0,5;3
1;0,5;0;0;0,5;2
0;1;0,5;1;0;2,5
0;1;0,5;0,5;0,5;2,5
1;1;1;1;1;5
0,5;1;0,5;0,5;0;2,5
0,5;1;0,5;0,5;1;3,5
0;1;0;0;0;1
0;1;0,5;0,5;0;2
0;1;0,5;0,5;0;2
1;0,5;0,5;0,5;0,5;3
1;1;1;0,5;1;4,5
0;0;0;0;0;0
1;1;1;0,5;1;4,5
0;1;0;0,5;0;1,5
1;1;0,5;0,5;1;4
0;1;0;0,5;1;2,5
0,5;1;0,5;0,5;1;3,5
0;1;0,5;0,5;0;2
0,5;1;0,5;1;0;3
0;1;0,5;0,5;0;2
0;1;0,5;0,5;0;2
0,5;1;0,5;0,5;0;2,5
1;1;1;1;1;5
1;1;0,5;0,5;1;4
0;0;0;0;0;0
1;1;1;1;1;5
0;1;0,5;0,5;1;3
0,5;1;0,5;0,5;0;2,5
1;1;1;1;1;5
1;1;1;1;1;5
0;1;0,5;0,5;0;2
0;1;0,5;0,5;0;2
1;1;0,5;0,5;1;4
0,5;1;0,5;0,5;0,5;3
0;1;0,5;0,5;0;2
1;0,5;0,5;0,5;0,5;3
1;1;0,5;0,5;0;3
0,5;1;0,5;0,5;1;3,5
1;1;1;0,5;1;4,5
1;1;1;1;1;5
0,5;1;0,5;0,5;0;2,5
1;1;1;1;0,5;4,5
0,5;1;0,5;0,5;1;3,5
0,5;1;0;0,5;1;3
0;1;0,5;0,5;0;2
0;1;0;0,5;0;1,5
0;1;0,5;0,5;0;2
0,5;1;0,5;0,5;1;3,5
0,5;1;0,5;0,5;0,5;3
0,5;1;0,5;0,5;0;2,5
0,5;1;0,5;0,5;1;3,5
1;1;1;0,5;1;4,5
1;1;1;0,5;1;4,5
0,5;1;0,5;0,5;1;3,5
0;1;0,5;0,5;0;2
0,5;1;0,5;0,5;0,5;3
0;1;0,5;0,5;1;3
0,5;1;0,5;0,5;0;2,5
1;1;1;0,5;0,5;4
0;1;0,5;0,5;0;2
0;0;0;0;0;0
1;1;0,5;0,5;1;4
0;1;0,5;0,5;1;3
0;1;0,5;0,5;1;3
0,5;1;0,5;0,5;1;3,5
0,5;1;0,5;0,5;0;2,5
1;0;0;0,5;0;1,5
0,5;1;0,5;0,5;0,5;3
0,5;1;0,5;0,5;1;3,5
0;1;0,5;0,5;1;3
0,5;1;0,5;0,5;0,5;3
0,5;1;0,5;0,5;0;2,5
0,5;1;0,5;0,5;0;2,5
0,5;1;0,5;0,5;1;3,5
0,5;0,5;0,5;0,5;0;2
0,5;1;0,5;0,5;0;2,5
0;1;0,5;1;0;2,5
0,5;1;0,5;0,5;0;2,5
0;1;0,5;0,5;0,5;2,5
1;1;1;0,5;0;3,5
0;1;0;0,5;0;1,5
0;1;0,5;1;0;2,5
0,5;1;0,5;0,5;0,5;3
1;1;0,5;0,5;0,5;3,5
1;1;1;0,5;1;4,5
1;1;1;1;1;5
1;1;1;0,5;1;4,5
0,5;1;0,5;0,5;0,5;3
1;1;0,5;0,5;1;4
0;1;0;0,5;0;1,5
0;0;0;0;0;0
0;1;0,5;0,5;0;2
0;1;0,5;0,5;0;2
0;1;0;0,5;0;1,5
1;1;1;0,5;1;4,5